<application>
  <component name="libraryTable">
    <library name="Python 3.7 (venv) interpreter library">
      <CLASSES>
        <root url="file://C:/Program Files (x86)/Python37-32/DLLs" />
        <root url="file://C:/Program Files (x86)/Python37-32/Lib" />
        <root url="file://C:/Program Files (x86)/Python37-32" />
        <root url="file://$USER_HOME$/venv" />
        <root url="file://$USER_HOME$/venv/Lib/site-packages" />
        <root url="jar://$USER_HOME$/venv/Lib/site-packages/setuptools-40.8.0-py3.7.egg!/" />
        <root url="file://$USER_HOME$/venv/Lib/site-packages/pip-19.0.3-py3.7.egg" />
        <root url="file://$USER_HOME$/.IntelliJIdea2019.1/system/python_stubs/1154553307" />
        <root url="file://$APPLICATION_PLUGINS_DIR$/python/helpers/python-skeletons" />
        <root url="file://$APPLICATION_PLUGINS_DIR$/python/helpers/typeshed/stdlib/3" />
        <root url="file://$APPLICATION_PLUGINS_DIR$/python/helpers/typeshed/stdlib/2and3" />
        <root url="file://$APPLICATION_PLUGINS_DIR$/python/helpers/typeshed/third_party/3" />
        <root url="file://$APPLICATION_PLUGINS_DIR$/python/helpers/typeshed/third_party/2and3" />
      </CLASSES>
      <JAVADOC />
      <SOURCES>
        <root url="file://C:/Program Files (x86)/Python37-32/DLLs" />
        <root url="file://C:/Program Files (x86)/Python37-32/Lib" />
        <root url="file://C:/Program Files (x86)/Python37-32" />
        <root url="file://$USER_HOME$/venv" />
        <root url="file://$USER_HOME$/venv/Lib/site-packages" />
        <root url="jar://$USER_HOME$/venv/Lib/site-packages/setuptools-40.8.0-py3.7.egg!/" />
        <root url="file://$USER_HOME$/venv/Lib/site-packages/pip-19.0.3-py3.7.egg" />
        <root url="file://$USER_HOME$/.IntelliJIdea2019.1/system/python_stubs/1154553307" />
        <root url="file://$APPLICATION_PLUGINS_DIR$/python/helpers/python-skeletons" />
        <root url="file://$APPLICATION_PLUGINS_DIR$/python/helpers/typeshed/stdlib/3" />
        <root url="file://$APPLICATION_PLUGINS_DIR$/python/helpers/typeshed/stdlib/2and3" />
        <root url="file://$APPLICATION_PLUGINS_DIR$/python/helpers/typeshed/third_party/3" />
        <root url="file://$APPLICATION_PLUGINS_DIR$/python/helpers/typeshed/third_party/2and3" />
      </SOURCES>
    </library>
    <library name="Python 3.7 interpreter library">
      <CLASSES />
      <JAVADOC />
      <SOURCES />
    </library>
  </component>
</application>