<application>
  <component name="ProjectJdkTable">
    <jdk version="2">
      <name value="Python 3.7" />
      <type value="Python SDK" />
      <version value="Python 3.7.3" />
      <homePath value="C:\Program Files (x86)\Python37-32\python.exe" />
      <roots>
        <annotationsPath>
          <root type="composite" />
        </annotationsPath>
        <classPath>
          <root type="composite">
            <root url="file://C:/Program Files (x86)/Python37-32/DLLs" type="simple" />
            <root url="file://C:/Program Files (x86)/Python37-32/Lib" type="simple" />
            <root url="file://C:/Program Files (x86)/Python37-32" type="simple" />
            <root url="file://C:/Program Files (x86)/Python37-32/Lib/site-packages" type="simple" />
            <root url="file://$USER_HOME$/.IntelliJIdea2019.1/system/python_stubs/-1384526572" type="simple" />
            <root url="file://$APPLICATION_PLUGINS_DIR$/python/helpers/python-skeletons" type="simple" />
            <root url="file://$APPLICATION_PLUGINS_DIR$/python/helpers/typeshed/stdlib/3" type="simple" />
            <root url="file://$APPLICATION_PLUGINS_DIR$/python/helpers/typeshed/stdlib/2and3" type="simple" />
            <root url="file://$APPLICATION_PLUGINS_DIR$/python/helpers/typeshed/third_party/3" type="simple" />
            <root url="file://$APPLICATION_PLUGINS_DIR$/python/helpers/typeshed/third_party/2and3" type="simple" />
          </root>
        </classPath>
        <javadocPath>
          <root type="composite" />
        </javadocPath>
        <sourcePath>
          <root type="composite" />
        </sourcePath>
      </roots>
      <additional />
    </jdk>
    <jdk version="2">
      <name value="Python 3.7 (venv)" />
      <type value="Python SDK" />
      <version value="Python 3.7.3" />
      <homePath value="C:\Users\nobel.barakat\venv\Scripts\python.exe" />
      <roots>
        <annotationsPath>
          <root type="composite" />
        </annotationsPath>
        <classPath>
          <root type="composite">
            <root url="file://C:/Program Files (x86)/Python37-32/DLLs" type="simple" />
            <root url="file://C:/Program Files (x86)/Python37-32/Lib" type="simple" />
            <root url="file://C:/Program Files (x86)/Python37-32" type="simple" />
            <root url="file://$USER_HOME$/venv" type="simple" />
            <root url="file://$USER_HOME$/venv/Lib/site-packages" type="simple" />
            <root url="jar://$USER_HOME$/venv/Lib/site-packages/setuptools-40.8.0-py3.7.egg!/" type="simple" />
            <root url="file://$USER_HOME$/venv/Lib/site-packages/pip-19.0.3-py3.7.egg" type="simple" />
            <root url="file://$USER_HOME$/.IntelliJIdea2019.1/system/python_stubs/1154553307" type="simple" />
            <root url="file://$APPLICATION_PLUGINS_DIR$/python/helpers/python-skeletons" type="simple" />
            <root url="file://$APPLICATION_PLUGINS_DIR$/python/helpers/typeshed/stdlib/3" type="simple" />
            <root url="file://$APPLICATION_PLUGINS_DIR$/python/helpers/typeshed/stdlib/2and3" type="simple" />
            <root url="file://$APPLICATION_PLUGINS_DIR$/python/helpers/typeshed/third_party/3" type="simple" />
            <root url="file://$APPLICATION_PLUGINS_DIR$/python/helpers/typeshed/third_party/2and3" type="simple" />
          </root>
        </classPath>
        <javadocPath>
          <root type="composite" />
        </javadocPath>
        <sourcePath>
          <root type="composite" />
        </sourcePath>
      </roots>
      <additional />
    </jdk>
  </component>
</application>