<application>
  <component name="VimSettings">
    <state version="4" enabled="true" />
    <globalmarks />
    <filemarks>
      <file name="/start_script.py" timestamp="1559834677239">
        <mark key="[" line="0" column="0" />
      </file>
      <file name="C:/temp/GeoJsonFile.json" timestamp="1559750104586">
        <mark key="'" line="225" column="0" />
      </file>
      <file name="C:/Program Files (x86)/Python37-32/Lib/zipfile.py" timestamp="1559919382058">
        <mark key="'" line="0" column="0" />
      </file>
      <file name="$USER_HOME$/IdeaProjects/PythonSpatialToShapeFileExtractor/PythonExtractor.py" timestamp="1559759786180">
        <mark key="'" line="204" column="0" />
        <mark key="[" line="99" column="5" />
        <mark key="]" line="99" column="4" />
        <mark key="." line="99" column="4" />
        <mark key="^" line="99" column="4" />
      </file>
      <file name="/Python Console" timestamp="1559921722369">
        <mark key="[" line="0" column="0" />
      </file>
      <file name="C:/Services/SupportingProjects/PythonSpatialToShapeExtractor/PythonSpatialToShapeFileExtractor.py" timestamp="1559928875267">
        <mark key="[" line="7" column="0" />
        <mark key="]" line="8" column="15" />
        <mark key="^" line="8" column="15" />
        <mark key="." line="8" column="15" />
      </file>
      <file name="/fragment.py" timestamp="1559774231421">
        <mark key="[" line="0" column="0" />
      </file>
      <file name="$USER_HOME$/IdeaProjects/PythonSpatialToShapeFileExtractor/geoJ.py" timestamp="1559914790562">
        <mark key="'" line="82" column="8" />
        <mark key="[" line="17" column="31" />
        <mark key="]" line="17" column="31" />
        <mark key="." line="17" column="31" />
        <mark key="^" line="31" column="19" />
      </file>
      <file name="/a.dummy" timestamp="1559923863466">
        <mark key="[" line="0" column="0" />
      </file>
      <file name="$USER_HOME$/Documents/PythonExtractorTest/PythonExtractor.py" timestamp="1559839436394">
        <mark key="'" line="199" column="18" />
        <mark key="[" line="9" column="0" />
        <mark key="]" line="9" column="0" />
        <mark key="." line="9" column="0" />
        <mark key="^" line="219" column="20" />
      </file>
      <file name="$USER_HOME$/IdeaProjects/PythonSpatialToShapeFileExtractor/Python_Well_Dawson.bat" timestamp="1559748233334">
        <mark key="'" line="14" column="0" />
        <mark key="[" line="6" column="69" />
        <mark key="]" line="6" column="68" />
        <mark key="^" line="6" column="68" />
        <mark key="." line="6" column="68" />
      </file>
      <file name="$USER_HOME$/Documents/PythonExtractorTest/PythonExtractorTest.py" timestamp="1559838098851">
        <mark key="'" line="18" column="0" />
        <mark key="[" line="6" column="53" />
        <mark key="]" line="6" column="53" />
        <mark key="^" line="3" column="12" />
        <mark key="." line="6" column="53" />
      </file>
      <file name="$USER_HOME$/IdeaProjects/PythonSpatialToShapeFileExtractor/shapefile.py" timestamp="1559581349402">
        <mark key="'" line="18" column="0" />
      </file>
      <file name="$USER_HOME$/IdeaProjects/PythonSpatialToShapeFileExtractor/PythonSpatialExtractorExample.py" timestamp="1559924076004">
        <mark key="'" line="0" column="3" />
        <mark key="[" line="5" column="99" />
        <mark key="]" line="5" column="114" />
        <mark key="^" line="5" column="114" />
        <mark key="." line="5" column="114" />
      </file>
      <file name="/" timestamp="1559745115074">
        <mark key="[" line="0" column="0" />
      </file>
      <file name="$USER_HOME$/IdeaProjects/PythonSpatialToShapeFileExtractor/test.py" timestamp="1559748271430">
        <mark key="'" line="3" column="25" />
        <mark key="[" line="7" column="153" />
        <mark key="]" line="7" column="152" />
        <mark key="." line="7" column="152" />
        <mark key="^" line="7" column="152" />
      </file>
      <file name="$USER_HOME$/IdeaProjects/PythonSpatialToShapeFileExtractor/PythonSpatialToShapeFileExtractor.py" timestamp="1559928819361">
        <mark key="'" line="107" column="0" />
        <mark key="[" line="5" column="0" />
        <mark key="]" line="5" column="0" />
        <mark key="." line="5" column="0" />
        <mark key="^" line="162" column="31" />
      </file>
      <file name="$USER_HOME$/Documents/tempShape/geoJSONToShpFile/input/response.geojson" timestamp="1559834842799">
        <mark key="'" line="2067" column="20" />
        <mark key="[" line="6378" column="7" />
        <mark key="^" line="3" column="0" />
      </file>
      <file name="$USER_HOME$/Documents/tempShape/geoJSONToShpFile/geoJ.py" timestamp="1559834467643">
        <mark key="'" line="54" column="30" />
        <mark key="[" line="132" column="21" />
        <mark key="]" line="132" column="28" />
        <mark key="." line="132" column="28" />
        <mark key="^" line="132" column="28" />
      </file>
    </filemarks>
    <jumps>
      <jump line="52" column="0" filename="$USER_HOME$/IdeaProjects/PythonSpatialToShapeFileExtractor/PythonSpatialToShapeFileExtractor.py" />
      <jump line="76" column="13" filename="$USER_HOME$/IdeaProjects/PythonSpatialToShapeFileExtractor/PythonSpatialToShapeFileExtractor.py" />
      <jump line="93" column="0" filename="$USER_HOME$/IdeaProjects/PythonSpatialToShapeFileExtractor/PythonSpatialToShapeFileExtractor.py" />
      <jump line="66" column="0" filename="$USER_HOME$/IdeaProjects/PythonSpatialToShapeFileExtractor/PythonSpatialToShapeFileExtractor.py" />
      <jump line="59" column="11" filename="$USER_HOME$/IdeaProjects/PythonSpatialToShapeFileExtractor/PythonSpatialToShapeFileExtractor.py" />
      <jump line="96" column="0" filename="$USER_HOME$/IdeaProjects/PythonSpatialToShapeFileExtractor/PythonSpatialToShapeFileExtractor.py" />
      <jump line="70" column="0" filename="$USER_HOME$/IdeaProjects/PythonSpatialToShapeFileExtractor/PythonSpatialToShapeFileExtractor.py" />
      <jump line="63" column="0" filename="$USER_HOME$/IdeaProjects/PythonSpatialToShapeFileExtractor/PythonSpatialToShapeFileExtractor.py" />
      <jump line="125" column="0" filename="$USER_HOME$/IdeaProjects/PythonSpatialToShapeFileExtractor/PythonSpatialToShapeFileExtractor.py" />
      <jump line="123" column="0" filename="$USER_HOME$/IdeaProjects/PythonSpatialToShapeFileExtractor/PythonSpatialToShapeFileExtractor.py" />
      <jump line="60" column="16" filename="$USER_HOME$/IdeaProjects/PythonSpatialToShapeFileExtractor/PythonSpatialToShapeFileExtractor.py" />
      <jump line="109" column="0" filename="$USER_HOME$/IdeaProjects/PythonSpatialToShapeFileExtractor/PythonSpatialToShapeFileExtractor.py" />
      <jump line="97" column="0" filename="$USER_HOME$/IdeaProjects/PythonSpatialToShapeFileExtractor/PythonSpatialToShapeFileExtractor.py" />
      <jump line="71" column="0" filename="$USER_HOME$/IdeaProjects/PythonSpatialToShapeFileExtractor/PythonSpatialToShapeFileExtractor.py" />
      <jump line="64" column="0" filename="$USER_HOME$/IdeaProjects/PythonSpatialToShapeFileExtractor/PythonSpatialToShapeFileExtractor.py" />
      <jump line="99" column="26" filename="$USER_HOME$/IdeaProjects/PythonSpatialToShapeFileExtractor/PythonSpatialToShapeFileExtractor.py" />
      <jump line="12" column="0" filename="$USER_HOME$/IdeaProjects/PythonSpatialToShapeFileExtractor/PythonSpatialToShapeFileExtractor.py" />
      <jump line="29" column="57" filename="$USER_HOME$/IdeaProjects/PythonSpatialToShapeFileExtractor/PythonSpatialToShapeFileExtractor.py" />
      <jump line="54" column="0" filename="$USER_HOME$/IdeaProjects/PythonSpatialToShapeFileExtractor/PythonSpatialToShapeFileExtractor.py" />
      <jump line="30" column="0" filename="$USER_HOME$/IdeaProjects/PythonSpatialToShapeFileExtractor/PythonSpatialToShapeFileExtractor.py" />
      <jump line="46" column="0" filename="$USER_HOME$/IdeaProjects/PythonSpatialToShapeFileExtractor/PythonSpatialToShapeFileExtractor.py" />
      <jump line="48" column="0" filename="$USER_HOME$/IdeaProjects/PythonSpatialToShapeFileExtractor/PythonSpatialToShapeFileExtractor.py" />
      <jump line="53" column="0" filename="$USER_HOME$/IdeaProjects/PythonSpatialToShapeFileExtractor/PythonSpatialToShapeFileExtractor.py" />
      <jump line="100" column="0" filename="$USER_HOME$/IdeaProjects/PythonSpatialToShapeFileExtractor/PythonSpatialToShapeFileExtractor.py" />
      <jump line="105" column="0" filename="$USER_HOME$/IdeaProjects/PythonSpatialToShapeFileExtractor/PythonSpatialToShapeFileExtractor.py" />
      <jump line="110" column="0" filename="$USER_HOME$/IdeaProjects/PythonSpatialToShapeFileExtractor/PythonSpatialToShapeFileExtractor.py" />
      <jump line="112" column="0" filename="$USER_HOME$/IdeaProjects/PythonSpatialToShapeFileExtractor/PythonSpatialToShapeFileExtractor.py" />
      <jump line="115" column="0" filename="$USER_HOME$/IdeaProjects/PythonSpatialToShapeFileExtractor/PythonSpatialToShapeFileExtractor.py" />
      <jump line="113" column="0" filename="$USER_HOME$/IdeaProjects/PythonSpatialToShapeFileExtractor/PythonSpatialToShapeFileExtractor.py" />
      <jump line="126" column="9" filename="$USER_HOME$/Documents/tempShape/geoJSONToShpFile/geoJ.py" />
      <jump line="54" column="30" filename="$USER_HOME$/Documents/tempShape/geoJSONToShpFile/geoJ.py" />
      <jump line="6469" column="0" filename="$USER_HOME$/Documents/tempShape/geoJSONToShpFile/input/response.geojson" />
      <jump line="33" column="12" filename="$USER_HOME$/Documents/tempShape/geoJSONToShpFile/input/response.geojson" />
      <jump line="6369" column="14" filename="$USER_HOME$/Documents/tempShape/geoJSONToShpFile/input/response.geojson" />
      <jump line="7" column="14" filename="$USER_HOME$/Documents/tempShape/geoJSONToShpFile/input/response.geojson" />
      <jump line="2059" column="14" filename="$USER_HOME$/Documents/tempShape/geoJSONToShpFile/input/response.geojson" />
      <jump line="2162" column="14" filename="$USER_HOME$/Documents/tempShape/geoJSONToShpFile/input/response.geojson" />
      <jump line="4214" column="14" filename="$USER_HOME$/Documents/tempShape/geoJSONToShpFile/input/response.geojson" />
      <jump line="4317" column="14" filename="$USER_HOME$/Documents/tempShape/geoJSONToShpFile/input/response.geojson" />
      <jump line="4" column="23" filename="$USER_HOME$/Documents/tempShape/geoJSONToShpFile/input/response.geojson" />
      <jump line="2065" column="6" filename="$USER_HOME$/Documents/tempShape/geoJSONToShpFile/input/response.geojson" />
      <jump line="2063" column="6" filename="$USER_HOME$/Documents/tempShape/geoJSONToShpFile/input/response.geojson" />
      <jump line="5" column="0" filename="$USER_HOME$/Documents/tempShape/geoJSONToShpFile/input/response.geojson" />
      <jump line="2156" column="5" filename="$USER_HOME$/Documents/tempShape/geoJSONToShpFile/input/response.geojson" />
      <jump line="4313" column="7" filename="$USER_HOME$/Documents/tempShape/geoJSONToShpFile/input/response.geojson" />
      <jump line="3" column="7" filename="$USER_HOME$/Documents/tempShape/geoJSONToShpFile/input/response.geojson" />
      <jump line="2158" column="7" filename="$USER_HOME$/Documents/tempShape/geoJSONToShpFile/input/response.geojson" />
      <jump line="2067" column="20" filename="$USER_HOME$/Documents/tempShape/geoJSONToShpFile/input/response.geojson" />
      <jump line="4" column="21" filename="$USER_HOME$/IdeaProjects/PythonSpatialToShapeFileExtractor/PythonSpatialExtractorExample.py" />
      <jump line="0" column="3" filename="$USER_HOME$/IdeaProjects/PythonSpatialToShapeFileExtractor/PythonSpatialExtractorExample.py" />
      <jump line="18" column="0" filename="$USER_HOME$/Documents/PythonExtractorTest/PythonExtractor.py" />
      <jump line="9" column="18" filename="$USER_HOME$/Documents/PythonExtractorTest/PythonExtractor.py" />
      <jump line="10" column="0" filename="$USER_HOME$/Documents/PythonExtractorTest/PythonExtractor.py" />
      <jump line="21" column="0" filename="$USER_HOME$/Documents/PythonExtractorTest/PythonExtractor.py" />
      <jump line="23" column="0" filename="$USER_HOME$/Documents/PythonExtractorTest/PythonExtractor.py" />
      <jump line="18" column="0" filename="$USER_HOME$/Documents/PythonExtractorTest/PythonExtractorTest.py" />
      <jump line="200" column="18" filename="$USER_HOME$/Documents/PythonExtractorTest/PythonExtractor.py" />
      <jump line="56" column="0" filename="$USER_HOME$/IdeaProjects/PythonSpatialToShapeFileExtractor/PythonSpatialToShapeFileExtractor.py" />
      <jump line="61" column="0" filename="$USER_HOME$/IdeaProjects/PythonSpatialToShapeFileExtractor/PythonSpatialToShapeFileExtractor.py" />
      <jump line="65" column="0" filename="$USER_HOME$/IdeaProjects/PythonSpatialToShapeFileExtractor/PythonSpatialToShapeFileExtractor.py" />
      <jump line="72" column="0" filename="$USER_HOME$/IdeaProjects/PythonSpatialToShapeFileExtractor/PythonSpatialToShapeFileExtractor.py" />
      <jump line="85" column="0" filename="$USER_HOME$/IdeaProjects/PythonSpatialToShapeFileExtractor/PythonSpatialToShapeFileExtractor.py" />
      <jump line="95" column="0" filename="$USER_HOME$/IdeaProjects/PythonSpatialToShapeFileExtractor/PythonSpatialToShapeFileExtractor.py" />
      <jump line="20" column="25" filename="$USER_HOME$/IdeaProjects/PythonSpatialToShapeFileExtractor/geoJ.py" />
      <jump line="21" column="0" filename="$USER_HOME$/IdeaProjects/PythonSpatialToShapeFileExtractor/geoJ.py" />
      <jump line="23" column="0" filename="$USER_HOME$/IdeaProjects/PythonSpatialToShapeFileExtractor/geoJ.py" />
      <jump line="25" column="0" filename="$USER_HOME$/IdeaProjects/PythonSpatialToShapeFileExtractor/geoJ.py" />
      <jump line="27" column="0" filename="$USER_HOME$/IdeaProjects/PythonSpatialToShapeFileExtractor/geoJ.py" />
      <jump line="82" column="8" filename="$USER_HOME$/IdeaProjects/PythonSpatialToShapeFileExtractor/geoJ.py" />
      <jump line="55" column="4" filename="$USER_HOME$/IdeaProjects/PythonSpatialToShapeFileExtractor/PythonSpatialToShapeFileExtractor.py" />
      <jump line="3" column="0" filename="$USER_HOME$/IdeaProjects/PythonSpatialToShapeFileExtractor/PythonSpatialToShapeFileExtractor.py" />
      <jump line="117" column="0" filename="$USER_HOME$/IdeaProjects/PythonSpatialToShapeFileExtractor/PythonSpatialToShapeFileExtractor.py" />
      <jump line="4" column="0" filename="$USER_HOME$/IdeaProjects/PythonSpatialToShapeFileExtractor/PythonSpatialToShapeFileExtractor.py" />
      <jump line="124" column="35" filename="$USER_HOME$/IdeaProjects/PythonSpatialToShapeFileExtractor/PythonSpatialToShapeFileExtractor.py" />
      <jump line="137" column="64" filename="$USER_HOME$/IdeaProjects/PythonSpatialToShapeFileExtractor/PythonSpatialToShapeFileExtractor.py" />
      <jump line="1697" column="8" filename="C:/Program Files (x86)/Python37-32/Lib/zipfile.py" />
      <jump line="0" column="0" filename="C:/Program Files (x86)/Python37-32/Lib/zipfile.py" />
      <jump line="153" column="60" filename="$USER_HOME$/IdeaProjects/PythonSpatialToShapeFileExtractor/PythonSpatialToShapeFileExtractor.py" />
      <jump line="5" column="13" filename="$USER_HOME$/IdeaProjects/PythonSpatialToShapeFileExtractor/PythonSpatialToShapeFileExtractor.py" />
      <jump line="118" column="4" filename="$USER_HOME$/IdeaProjects/PythonSpatialToShapeFileExtractor/PythonSpatialToShapeFileExtractor.py" />
      <jump line="121" column="0" filename="$USER_HOME$/IdeaProjects/PythonSpatialToShapeFileExtractor/PythonSpatialToShapeFileExtractor.py" />
      <jump line="163" column="26" filename="$USER_HOME$/IdeaProjects/PythonSpatialToShapeFileExtractor/PythonSpatialToShapeFileExtractor.py" />
      <jump line="131" column="0" filename="$USER_HOME$/IdeaProjects/PythonSpatialToShapeFileExtractor/PythonSpatialToShapeFileExtractor.py" />
      <jump line="147" column="0" filename="$USER_HOME$/IdeaProjects/PythonSpatialToShapeFileExtractor/PythonSpatialToShapeFileExtractor.py" />
      <jump line="167" column="0" filename="$USER_HOME$/IdeaProjects/PythonSpatialToShapeFileExtractor/PythonSpatialToShapeFileExtractor.py" />
      <jump line="170" column="0" filename="$USER_HOME$/IdeaProjects/PythonSpatialToShapeFileExtractor/PythonSpatialToShapeFileExtractor.py" />
      <jump line="168" column="0" filename="$USER_HOME$/IdeaProjects/PythonSpatialToShapeFileExtractor/PythonSpatialToShapeFileExtractor.py" />
      <jump line="165" column="0" filename="$USER_HOME$/IdeaProjects/PythonSpatialToShapeFileExtractor/PythonSpatialToShapeFileExtractor.py" />
      <jump line="164" column="35" filename="$USER_HOME$/IdeaProjects/PythonSpatialToShapeFileExtractor/PythonSpatialToShapeFileExtractor.py" />
      <jump line="157" column="0" filename="$USER_HOME$/IdeaProjects/PythonSpatialToShapeFileExtractor/PythonSpatialToShapeFileExtractor.py" />
      <jump line="152" column="0" filename="$USER_HOME$/IdeaProjects/PythonSpatialToShapeFileExtractor/PythonSpatialToShapeFileExtractor.py" />
      <jump line="148" column="0" filename="$USER_HOME$/IdeaProjects/PythonSpatialToShapeFileExtractor/PythonSpatialToShapeFileExtractor.py" />
      <jump line="144" column="0" filename="$USER_HOME$/IdeaProjects/PythonSpatialToShapeFileExtractor/PythonSpatialToShapeFileExtractor.py" />
      <jump line="136" column="0" filename="$USER_HOME$/IdeaProjects/PythonSpatialToShapeFileExtractor/PythonSpatialToShapeFileExtractor.py" />
      <jump line="132" column="0" filename="$USER_HOME$/IdeaProjects/PythonSpatialToShapeFileExtractor/PythonSpatialToShapeFileExtractor.py" />
      <jump line="122" column="0" filename="$USER_HOME$/IdeaProjects/PythonSpatialToShapeFileExtractor/PythonSpatialToShapeFileExtractor.py" />
      <jump line="119" column="0" filename="$USER_HOME$/IdeaProjects/PythonSpatialToShapeFileExtractor/PythonSpatialToShapeFileExtractor.py" />
      <jump line="116" column="0" filename="$USER_HOME$/IdeaProjects/PythonSpatialToShapeFileExtractor/PythonSpatialToShapeFileExtractor.py" />
      <jump line="114" column="0" filename="$USER_HOME$/IdeaProjects/PythonSpatialToShapeFileExtractor/PythonSpatialToShapeFileExtractor.py" />
      <jump line="108" column="0" filename="$USER_HOME$/IdeaProjects/PythonSpatialToShapeFileExtractor/PythonSpatialToShapeFileExtractor.py" />
    </jumps>
    <registers>
      <register name="&quot;" type="2">
        <text encoding="base64">aW1wb3J0IHppcGZpbGUK</text>
      </register>
      <register name="-" type="4">
        <text>basins_gen_unit</text>
      </register>
      <register name="/" type="4">
        <text>main</text>
      </register>
      <register name="0" type="2">
        <text encoding="base64">ICAgICAgICBkaXJlY3RvcnkgPSBmaWxlbmFtZS5yc3BsaXQoJ1xcJywgMSlbMF0K</text>
      </register>
      <register name="1" type="2">
        <text encoding="base64">aW1wb3J0IHppcGZpbGUK</text>
      </register>
      <register name="q" type="4">
        <keys>
          <key char="105" code="0" mods="0" />
          <key char="58" code="0" mods="0" />
          <key char="58" code="0" mods="0" />
          <key char="65535" code="27" mods="0" />
          <key char="106" code="0" mods="0" />
        </keys>
      </register>
      <register name="2" type="2">
        <text encoding="base64">ICAgICAgICAgICAgZmlsZW5hCg==</text>
      </register>
      <register name="3" type="2">
        <text encoding="base64">ICAgICAgICAgICAgdmVyYm9zZUZpbGVOYW1lID0gCg==</text>
      </register>
      <register name="4" type="2">
        <text encoding="base64">ICAgICAgICBkaXJlY3RvcnkgPSBmaWxlbmFtZS5yZXBsYWNlKGZpbGVuYW1lLnNwbGl0KCcvJylbLTFdLCAnJykK</text>
      </register>
      <register name="5" type="2">
        <text encoding="base64">ICAgICAgICB1c2VyRmlsZU5hbWUgPSBmaWxlbmFtZS5yZXBsYWNlKGZpbGVuYW1lLnNwbGl0KCcvJylbMF0sICcnKQo=</text>
      </register>
      <register name="6" type="2">
        <text encoding="base64">ICAgICAgICB1c2VyRmlsZU5hbWUgPSB1c2VyRmlsZU5hbWUuc3RyaXAoJy8nKQo=</text>
      </register>
      <register name="7" type="2">
        <text encoding="base64">ICAgICAgICB1c2VyRmlsZU5hbWUgPSB1c2VyRmlsZU5hbWUuc3RyaXAoJ1xcJykK</text>
      </register>
      <register name="8" type="2">
        <text encoding="base64">ICAgICAgICAgICAgemlwLndyCg==</text>
      </register>
      <register name="9" type="2">
        <text encoding="base64">ICAgIGVsc2U6IAogICAgemlwRmlsZXMoZGlyZWN0b3J5LCBmaWxlbmFtZSkK</text>
      </register>
      <register name=":" type="4">
        <text>w</text>
      </register>
    </registers>
    <search>
      <last-search>main</last-search>
      <last-offset />
      <last-pattern>main</last-pattern>
      <last-dir>1</last-dir>
      <show-last>false</show-last>
    </search>
    <history>
      <history-search>
        <entry>import</entry>
        <entry>-c</entry>
        <entry>args</entry>
        <entry>format unspoorted</entry>
        <entry>format</entry>
        <entry encoding="base64">XDxmaWxlRm9ybWF0XD4=</entry>
        <entry encoding="base64">XDx3cml0ZVRvRmlsZVw+</entry>
        <entry encoding="base64">XDxjb252ZXJ0RmlsZVRvSlNPTlw+</entry>
        <entry encoding="base64">XDx1cmxcPg==</entry>
        <entry encoding="base64">XDxyZXNwb25zZVw+</entry>
        <entry>__init</entry>
        <entry>-73.04226</entry>
        <entry encoding="base64">XDxnZW9tZXRyeVw+</entry>
        <entry encoding="base64">XDxtYWluXD4=</entry>
        <entry>main</entry>
      </history-search>
      <history-cmd>
        <entry>x</entry>
        <entry>22</entry>
        <entry>100</entry>
        <entry>wq</entry>
        <entry>W</entry>
        <entry>vs</entry>
        <entry>set relativenumber</entry>
        <entry>ew</entry>
        <entry>ws</entry>
        <entry>q</entry>
        <entry>w</entry>
      </history-cmd>
      <history-expr />
      <history-input />
    </history>
    <shortcut-conflicts>
      <shortcut-conflict owner="ide">
        <text>ctrl pressed Q</text>
      </shortcut-conflict>
      <shortcut-conflict owner="vim">
        <text>ctrl pressed P</text>
      </shortcut-conflict>
      <shortcut-conflict owner="ide">
        <text>ctrl pressed V</text>
      </shortcut-conflict>
      <shortcut-conflict owner="ide">
        <text>ctrl pressed C</text>
      </shortcut-conflict>
      <shortcut-conflict owner="ide">
        <text>ctrl pressed T</text>
      </shortcut-conflict>
      <shortcut-conflict owner="vim">
        <text>ctrl pressed A</text>
      </shortcut-conflict>
      <shortcut-conflict owner="vim">
        <text>ctrl pressed W</text>
      </shortcut-conflict>
      <shortcut-conflict owner="vim">
        <text>ctrl pressed O</text>
      </shortcut-conflict>
      <shortcut-conflict owner="vim">
        <text>ctrl pressed S</text>
      </shortcut-conflict>
      <shortcut-conflict owner="ide">
        <text>ctrl pressed F</text>
      </shortcut-conflict>
      <shortcut-conflict owner="vim">
        <text>ctrl pressed E</text>
      </shortcut-conflict>
      <shortcut-conflict owner="vim">
        <text>ctrl pressed Y</text>
      </shortcut-conflict>
    </shortcut-conflicts>
  </component>
</application>